x_pos,y_pos,p_flag,volts,weights
65458,-140671,1,3.216357475521098,3
67904,83842,1,3.6292772594994807,5
-51072,-72080,0,2.7702279717618703,10
120107,62085,1,3.055717408271491,3
-36325,-130681,0,2.568373488205067,10
-79827,44416,0,2.9182102436395225,10
15678,97138,0,2.2975846113023985,10
11788,111830,1,4.3046051658263575,8
-33804,-25269,1,4.731946060761713,9
-68504,44457,0,2.681782203003256,10
-74998,-148002,1,3.972690524994877,6
93202,118095,0,2.7252737656105284,10
-39360,-14739,0,2.0078509933841113,9
80626,-138722,0,2.969666324288002,10
-35798,-105284,1,4.503503626531527,9
145498,-109617,0,2.674631140873619,10
-85034,25348,1,3.6640851722247563,5
-102785,-52062,0,2.5840535487519003,10
6023,-48418,1,3.5215882076237777,5
43034,106748,0,1.9992373397013175,8
-149026,101674,0,1.9869723864136455,8
-101689,52119,0,2.477112984819667,10
47835,105434,0,2.891185956499068,10
84151,58907,1,3.37976215586738,4
15830,-97124,1,3.3851651851645737,4
-106079,75735,0,2.765373878253921,10
38626,-59683,0,2.4627748685956536,10
-2691,145759,1,3.143725730695781,3
141181,55677,0,2.18391303933009,9
-49101,126015,1,3.7615903823978853,6
53222,48714,1,3.7388411144871334,5
-58046,-125447,0,2.444874243628862,10
33764,60144,0,2.309761040112239,10
684,108061,0,2.392809698214248,10
140938,139498,1,3.4531691245409606,4
59590,22836,1,4.784338480582464,10
-23843,3379,1,4.856068933860877,10
133895,-77746,1,4.321734689296558,8
-127949,109343,0,2.5812857678670067,10
8434,74598,1,4.09134355080754,7
-129461,8727,0,2.7557989497795026,10
-98934,18581,0,1.956455643037878,8
62690,17010,1,3.476146490054507,4
36252,149748,0,1.8754439975887571,8
63381,98999,0,2.5144218400077873,10
94889,132912,1,4.473040759354579,8
63589,67996,0,2.3845754801704797,10
-947,10112,1,4.389350908634231,8
-136599,-113109,1,3.465887835965344,4
23069,-122228,0,2.7352047891668296,10
-77575,-110491,0,1.9088289088254569,8
-123179,-100938,1,4.262613490933604,8
24756,-115459,1,3.81067937258317,6
-148070,-81466,1,4.231560713634902,7
-49734,63659,0,2.698854813781665,10
39493,-104414,1,3.0160802265389393,3
-22748,116646,1,3.177530732480804,3
25045,-103274,1,3.6129833531185214,5
52808,7577,0,1.9467351683784564,8
26568,-80012,1,3.366161895617328,4
-107773,30993,0,2.534016675779647,10
-92718,-110220,0,2.3264246863778064,10
105412,-84220,0,2.621537646952781,10
39422,-97885,0,2.485455927208427,10
110258,27724,1,3.907454561573602,6
120293,65698,0,2.6210471072595873,10
-71399,-131232,0,2.63232351301148,10
-112697,96377,1,4.535102602811139,9
-128695,-70656,0,2.1604116745278876,9
-16713,137682,0,2.03997219083265,9
130380,-23862,1,4.954043796528753,10
138600,148277,1,3.348241390586562,4
138024,82725,1,4.634824886759912,9
-112924,-65369,0,2.4729417560596514,10
-84018,126275,0,1.9116345382479543,8
31641,32048,1,4.156533058048383,7
16903,65392,0,2.7617861620075983,10
90130,145611,0,2.058075372974901,9
-39082,-48545,1,3.5885639399699025,5
124092,117301,1,3.90641160025512,6
1514,-84269,0,2.630544938699776,10
-42076,46801,1,4.0068956932481505,7
-26448,-67478,1,4.337977692949671,8
-138000,-78486,0,2.0002061650553244,9
75706,-26887,1,3.664375083702068,5
-61920,4488,1,4.601229348731507,9
130931,-69961,0,2.3566328992587944,10
-78420,-89703,1,4.336787591473925,8
-5140,19246,1,4.975116118675033,10
-148091,-3366,1,4.853870795237177,10
-7064,-108767,0,2.252315453944273,10
31915,-135885,1,4.001523611355346,7
124359,24460,1,3.046073284291059,3
-25832,-92715,1,3.061176266153285,3
101293,-67175,1,3.2885238365825242,4
-11415,32209,0,2.3996528358258598,10
-96845,-72571,1,3.3025436009118505,4
63446,53357,1,3.400013549707795,4
-37899,-101326,0,1.8436904145190236,8
34731,-42860,0,2.5188422120118084,10
3860,12908,0,2.32361394244549,10
48476,-132365,0,2.5034071324636313,10
11831,-143641,0,2.727960654912067,10
-23487,-41753,1,4.630956579985466,9
-75543,-15593,1,4.922809662128637,10
116112,143694,1,4.396173177549716,8
-96626,-54275,0,2.722271243740304,10
-1253,-47956,1,3.9902974613652207,6
31296,-118867,1,3.253898041137397,4
74284,-13521,0,2.822736208822484,10
40285,138293,0,2.5361098301984137,10
-98007,-73637,0,2.3359603529349022,10
68967,-33331,1,4.720509710481626,9
-26083,99394,0,1.9345559971422561,8
-50660,31899,1,3.1797599729059516,3
52506,98090,1,4.885615714508793,10
121064,9947,0,2.033072779005332,9
-74111,-109932,0,1.8390557787449744,8
4777,119338,0,1.9312508354044127,8
84384,113944,1,3.942257120644618,6
146954,-76561,0,2.984643017240149,10
-46357,-59429,1,3.3260747009277796,4
147099,-25260,1,4.593625863857338,9
-7925,-13878,1,4.086338250053435,7
17976,-59925,0,2.4685135909593465,10
71577,91238,1,3.090556420890095,3
87363,1618,0,1.9830737492952422,8
48418,-60126,0,2.5293908489912424,10
83072,-64089,0,2.9899047487388724,10
95456,7411,0,1.9181503489090905,8
101960,-55748,1,3.6555766874060254,5
126684,99432,1,3.525324510454509,5
-120492,-105621,0,1.824430447129384,8
96932,-139952,1,4.2988024089940335,8
-96372,-52907,0,2.7050125223979418,10
41990,12535,1,3.6191189618160187,5
64212,74056,0,2.854070899611566,10
-93772,46285,0,1.845541488313022,8
-7409,-108224,0,1.9405285194530442,8
-29321,59693,1,3.410722394059292,4
109708,32779,1,4.949060684214637,10
-68215,-23914,1,3.467072275057938,4
126298,-25332,0,2.541015224251968,10
46636,26187,1,3.5194135647125613,5
112216,-101145,0,2.428131644267559,10
21620,121727,0,2.8037817617273584,10
32395,62470,1,3.5469527246759203,5
56085,114652,1,3.461765427701402,4
68133,-97259,1,3.8075390164181244,6
29602,35256,1,4.758069673918982,10
-87042,-11492,0,2.5908993733686327,10
35112,-30961,1,3.783921675818321,6
42208,-21593,1,3.842111194349747,6
118418,127138,0,2.737460393293797,10
121265,-133896,1,3.5374948123285703,5
-134458,28786,0,2.9188746330216206,10
-120779,-63540,1,4.464111902066593,8
133121,131648,0,2.1073892256296207,9
-110361,61574,0,2.894286968469672,10
-3667,-19788,1,4.4924089095438156,8
-140490,125408,1,4.746983208310901,9
-43942,-7996,0,2.2176368788819074,9
-142051,5224,0,2.5399376467007806,10
-34538,103949,1,3.817915307161686,6
-63059,-122344,1,3.724406496193621,5
6225,-134325,0,2.887397657758821,10
41714,3554,1,3.674572817528749,5
56823,-59989,0,2.0718299711933867,9
-113647,-125078,1,3.268218233035913,4
26547,-144216,1,4.726219045118903,9
141833,-11861,1,3.9152316319064346,6
-2658,-49191,0,1.947410080850967,8
-57870,118471,1,4.861967215985166,10
95116,-134953,1,3.0632283943178718,3
3680,-104232,0,2.333069418204418,10
-34335,-142162,1,4.548701156817425,9
-55890,-26752,1,4.044821525006104,7
-54573,-10796,1,4.156913725301619,7
-113334,105137,1,4.006808308254211,7
-111138,-28193,1,4.98973164138808,10
-84776,82747,1,3.4681280717047374,4
-146614,93435,0,2.060405002782148,9
9233,72323,1,3.537205654157334,5
-120487,-130942,1,4.908773373873104,10
48978,-118311,0,1.9217514631675618,8
-76225,114076,0,1.8138928126779739,8
58237,-20585,0,2.612208976798452,10
136314,50968,1,4.628949560752544,9
-86244,60383,1,3.281334652316096,4
-79435,-94328,0,2.1180305597999562,9
-139528,-136385,0,2.4152678000387233,10
-112970,-90545,0,2.6306386607352157,10
-95039,-92946,0,2.8111916829433574,10
-83542,126628,1,3.184152965890264,3
-102128,-144179,1,3.22453004593312,3
-40164,39944,1,3.152607955852577,3
84493,48850,1,4.541422720360471,9
81271,-31914,0,1.9792286230992335,8
-72550,-61410,1,3.945132682134731,6
-129831,-36879,1,3.658759914651182,5
-126510,44404,1,3.9278374458483514,6
138559,-6494,1,3.9174237289275013,6
9192,11175,1,3.962510090827563,6
-143309,51325,0,2.830649020850215,10
-108351,12196,0,2.191608745896344,9
136688,-102842,0,2.737436827290174,10
-128943,-20547,0,2.474255136527242,10
-104385,-70896,1,4.8886575395242655,10
25659,-59277,1,3.76275107966356,6
-24269,23012,0,2.082016902042092,9
-131522,9759,1,4.039016299002011,7
105491,-29972,1,4.817180946464122,10
-83094,54307,1,4.747955185321872,9
-6563,119652,0,2.6581174842238657,10
89048,120279,1,4.711447003085083,9
133622,30031,0,1.848423202580912,8
-116261,21677,1,4.60786499888543,9
-124849,86727,0,2.0708900566011517,9
-71932,63942,1,4.127117488040759,7
-128772,121094,1,4.951144494543071,10
60412,-27069,1,4.082772352831178,7
12105,-25934,1,3.0370978011953604,3
71161,-2934,1,4.8476331038310585,10
-137461,-90549,1,4.173850368832398,7
14640,12741,1,4.406211228397355,8
69149,122742,0,2.2245399701450497,9
131436,-131988,0,2.9800060144708485,10
-83583,81324,0,1.8575677617313573,8
-109892,-68568,1,3.2101631242438247,3
113330,-102609,0,2.6531425456380155,10
125392,114956,1,4.295342329264901,8
121870,144443,0,2.917106831510545,10
69859,-17504,0,2.735132217595621,10
-123283,-75304,0,2.524715055173065,10
-51425,-107033,0,2.8425687510577875,10
53282,13387,1,3.3674287812737886,4
-77788,-30705,1,4.66478799632687,9
-111110,-110622,1,3.992543072622502,6
61710,6596,1,3.185463522250788,3
7974,-17351,1,4.862886048171858,10
-124549,-99312,1,4.726762518627976,9
55970,-34277,1,4.832179561564358,10
122430,84205,0,2.0153667089907623,9
-34480,-71864,0,1.9569849406600381,8
-14282,30682,1,3.771596484988992,6
61082,37360,1,4.521658667975359,9
-58630,17151,0,2.9635458865503574,10
78491,4772,0,2.286474573283195,10
133792,-29600,0,2.9159426466136447,10
-128111,-112395,0,2.5800766851678687,10
-55913,132728,1,4.382040041728702,8
-74915,-23018,0,1.8292882716998162,8
-121951,-139079,0,2.9787463138037813,10
108096,89409,0,2.9432121568703296,10
11790,135500,0,2.6546820064668677,10
111628,125023,1,4.5254017882694,9
106336,116749,0,2.2227709646044143,9
90647,-24246,0,2.3192308274782665,10
-92138,-3433,0,2.3128727372733824,10
125119,21,0,2.317066710072566,10
25048,17723,1,3.0759493476028035,3
-77376,21961,1,4.145185424945652,7
86667,-100800,0,1.8786053964483593,8
118694,-140645,1,4.650924578658884,9
-111536,-44181,0,2.697083248890141,10
145514,124438,0,2.266413106808525,10
-146565,-111686,0,1.9928418053782424,8
-117043,-31851,0,2.40504649207247,10
-42333,64359,1,4.261625750965822,8
144409,35889,1,4.296608755686286,8
38938,-123603,1,3.453020132554122,4
-33067,77767,1,4.386124883100321,8
-45032,80068,0,1.8292588358609154,8
121530,-48299,1,4.964317101698733,10
-44106,-117674,1,3.1817847887870716,3
-28803,1218,0,2.390822668133786,10
-53846,-78164,1,4.6935068681830225,9
-35529,99445,0,2.751848091013003,10
66972,126539,0,2.74815433777514,10
45166,-113653,1,3.6969127041609884,5
108787,13421,0,1.820283892254939,8
149057,111674,1,4.37301242550984,8
127377,99622,1,3.3510801355271163,4
49242,-55149,0,2.054886016392878,9
-8388,-140697,0,1.9902457767662458,8
82766,-91550,1,4.7739724636763805,10
-69793,-56143,1,4.510407660116249,9
60462,102377,1,3.8333889540375248,6
-6805,2988,0,2.1293711423840445,9
13753,-5561,1,3.9507147485197636,6
78076,-32379,0,1.807440302198334,8
137095,-16177,1,4.205312716478209,7
-98743,-124207,1,3.990934116175244,6
-139596,-114850,1,4.065004719499183,7
-38031,52012,1,3.04121023277614,3
96073,-83388,0,2.9399188987261176,10
-113100,-44460,0,1.9753049671897642,8
-95779,-87497,1,3.100350832767445,3
-114071,-98127,0,1.959578323513003,8
117271,116622,1,3.151561895281527,3
87915,24840,0,2.026961083285509,9
-28322,69669,1,3.069024421679183,3
64495,-24802,0,2.720858066139901,10
-141877,112919,0,2.9453123836055273,10
11482,-43470,0,1.816455624966373,8
-14571,66183,0,2.627425375218585,10
-133614,37530,0,2.0370865016847683,9
-123363,-115290,0,2.4061104365892567,10
-44680,-77631,1,4.290368791005889,8
-117870,-145955,0,2.009075881937813,9
-107592,-138719,0,2.9513985542428025,10
26851,121151,0,1.9163812162177052,8
98410,15364,1,3.6746929104285266,5
37403,59664,0,2.0688252801843263,9
-55711,-111274,0,2.6557755493674366,10
43949,-85526,0,2.513476135925783,10
-121575,5026,1,3.0246341242254635,3
96462,-2459,1,4.394000351564971,8
-108872,89919,0,2.135673277217312,9
39628,31411,0,2.4424264046850763,10
-86048,-45687,0,2.570541821496748,10
-73410,-11727,0,2.4447201127288127,10
84954,39780,0,1.9261978456216737,8
-128185,-41875,1,3.7434896871092973,5
12663,-134208,0,2.709301545273841,10
-24032,116586,0,1.9862767553662701,8
-48088,-117064,1,3.003080293703702,3
-127120,-143084,1,3.9136864965363642,6
-14769,112528,0,2.9381355112116254,10
142484,115900,0,2.4617133840180427,10
62858,-86338,1,3.4723655732572727,4
-60616,-127540,0,2.2154335225971256,9
-99775,149169,0,2.5084508636304053,10
144352,141111,0,2.8129460078941992,10
16412,-106304,0,1.8343189680491019,8
25211,79850,1,3.059366428509729,3
-51369,48473,1,3.311326701931045,4
-136609,-61274,1,3.4921110441694214,4
131124,-52272,1,3.599405787073845,5
27097,102156,1,3.13362855009546,3
96749,43013,0,2.694287998191458,10
33602,61246,0,2.1319965550881004,9
-34007,96696,1,3.9476414607889296,6
-31001,-34132,1,3.2197217683031427,3
25744,91834,1,3.630697998208502,5
-125173,39144,0,1.9857683607124235,8
53218,-113657,0,2.914539182818011,10
35781,138248,0,2.6888190448319977,10
3319,-45826,1,4.350980516623711,8
84173,-34515,0,2.1415226198544954,9
91308,145228,0,2.1307288638010826,9
-11353,-33489,0,1.9656050106435665,8
-97350,-52954,1,3.1483688475818097,3
129753,-3454,1,3.1816768297400753,3
-1412,-70144,1,3.238974290040778,3
-90803,-54740,0,2.795601624451706,10
126299,-16972,0,1.9955729620002676,8
77149,112488,1,4.359048415837932,8
92218,148167,1,3.1834588700270876,3
-133693,31131,1,4.828481845941679,10
-115737,14280,0,1.840516492091787,8
140971,-20777,1,4.845064940675931,10
36845,-98398,0,2.5733917206746804,10
-95783,5189,0,1.9275248548521553,8
-109830,82637,0,2.214191362834001,9
18765,-128582,0,1.8718855755431942,8
-140669,-133290,1,4.2840602347878125,8
142281,27546,1,3.094972298705783,3
-72728,-46113,0,2.7393704613783507,10
-111880,-42419,1,3.356480583624193,4
-5217,-29605,1,3.664354459684671,5
15124,55890,1,4.682911402142663,9
-136523,54695,1,4.540829982866251,9
66146,-24275,1,4.386743936991326,8
18432,-13919,0,2.591481636787615,10
49212,-46273,1,3.431901875469048,4
111664,-25802,0,2.7716439293136927,10
116358,135973,1,4.647520926069439,9
-66688,-59841,1,3.19289114753074,3
-135258,133846,0,2.2744259220240477,10
36497,67462,1,3.0155860368398892,3
-84459,49019,0,2.3628008284296866,10
138077,-98928,1,3.798270649426142,6
76045,2382,1,3.670093317049556,5
-106407,66467,0,1.8960669207169363,8
110019,-24064,1,4.853816217653127,10
-82193,-81312,0,1.8146028154470724,8
6547,56264,1,3.358190973804617,4
-100307,37281,0,2.132656820947777,9
120666,-60629,0,1.9451125327728955,8
-7847,123177,1,3.2128565169832566,3
123028,27662,0,2.07853777500107,9
74185,146389,1,4.654181114754909,9
-140506,44879,0,2.5450059522509623,10
9501,81593,0,2.363644529223117,10
-149693,-26896,1,4.401149584151298,8
-58598,114283,1,3.181898884782342,3
-44611,-122716,1,3.0369715971589297,3
43412,-122178,0,2.9370900965475775,10
-55731,-11543,0,2.808238527679532,10
-17464,87068,0,2.2306186062739783,9
4703,23239,1,4.265037860235706,8
-47848,15924,0,1.8603771793994541,8
-12040,128764,1,3.092693740758466,3
-57044,17933,1,4.84622662882908,10
-41127,-28528,1,4.957824812834148,10
89479,80932,0,1.9913902597266102,8
77926,15380,1,3.744806269151834,5
-111202,-64420,1,3.8646271248017006,6
-17853,27221,0,2.66345956429533,10
148723,-46513,1,4.830383925541739,10
61285,85142,0,2.287835081318532,10
-8397,-3429,0,2.7895935173850863,10
-61016,-133615,0,1.866112899765967,8
-75953,80489,1,4.550459219430388,9
103576,-9649,0,1.999174774145946,8
-100130,138123,0,2.045293423072875,9
60499,94582,0,2.6763100381188747,10
-60266,-136168,0,2.3990095559664755,10
-128900,-124861,1,3.0138200430420214,3
-130921,-33559,0,2.1496109457462977,9
111109,-99271,0,1.813165929051196,8
15621,-23016,0,2.5646252345451424,10
73039,-134384,1,3.179178419545135,3
-89610,93066,1,3.743837459838771,5
-87980,97711,1,4.079691070588921,7
87187,6323,1,4.262639911823054,8
-6093,65149,0,2.5425888311337803,10
112519,67701,1,4.186809495131818,7
145347,-109565,1,4.408505612537107,8
13970,-25054,1,4.503877235918729,9
-71950,123950,0,2.285327866523089,10
118946,-82802,1,4.6318023781990085,9
-91866,129852,0,2.3534327101481596,10
-121365,86051,0,2.632509133593981,10
-118050,77683,1,4.3575829176391165,8
12697,-35651,0,2.2090394868354113,9
84416,56498,0,2.6916185803049872,10
14675,-54445,0,2.8455712035480327,10
-121652,-116795,1,4.099154792404812,7
58259,115909,0,2.3211771144998155,10
37634,-144391,0,2.5677901957775693,10
-12093,88184,1,4.200779385117869,7
-127388,-106999,1,3.1264232834632324,3
57073,-26106,0,2.2222232307891514,9
71269,23544,0,2.2227002834024914,9
104220,-129870,1,4.438175088124422,8
-119138,-17057,0,2.8424774580564964,10
-55848,-121560,0,2.857962765337566,10
-55341,-29484,1,4.933561109415011,10
-145655,-135472,1,3.3797798433558803,4
-39027,-104931,1,4.813799489824482,10
-120073,-26936,0,2.2981356115755025,10
129165,100388,0,2.1463897355136794,9
94225,-43544,1,4.650338832883714,9
133525,-27756,1,3.027744396633751,3
-90188,-68389,0,2.9742109859742545,10
-85293,-109002,0,2.6072587206586464,10
27976,-29908,1,3.076803161780904,3
110505,140240,0,2.8830003275301954,10
142253,97326,0,2.1476313671662517,9
77097,92759,1,4.840724962643022,10
-87778,37525,1,4.934153382181566,10
-123712,-110287,0,2.125639530934362,9
95295,-76057,0,2.2213183699531664,9
-16771,51113,1,3.3821824214918847,4
-21956,-123984,0,2.206601595625805,9
41673,82701,1,4.805038628643289,10
-43802,-112631,1,4.850464975836943,10
-83752,76553,0,2.39973691852706,10
127449,8719,1,4.832221243099634,10
-149138,97378,0,2.7291269040110198,10
50043,36777,0,2.1701057501989056,9
-68043,-116992,0,2.003557298475736,9
67476,-82638,0,2.398857236820459,10
47719,130094,1,3.3160134068263556,4
-18028,16979,1,4.5505801074855885,9
142517,6595,0,2.3480818026564645,10
-100058,76053,0,1.8593139320390626,8
-66471,107118,1,4.658946684071634,9
-61160,-149644,0,2.1775773082432504,9
-43418,-92891,1,3.022058723734525,3
-123083,-141430,0,2.9704918359523553,10
-84965,121980,1,3.404416811649556,4
-30834,26046,0,2.5213137477388856,10
144126,-128800,0,1.863497179603113,8
-124774,102237,1,4.816095029506803,10
128734,-148344,0,2.3729859372605095,10
-58484,-72880,0,2.8590095251287306,10
-12997,-81741,0,2.7680833422509985,10
94609,3731,1,4.90668151821745,10
111469,-90655,0,2.696874644521616,10
-5226,23553,0,2.155732702421853,9
-30092,35851,1,4.971692583489838,10
-127927,47472,1,3.7542898956826587,6
-99766,103371,0,2.0965782140639497,9
112819,97942,1,3.8781621544520264,6
-53297,119840,1,3.697630625241275,5
-116732,-60431,0,2.700378931401738,10
11529,21743,1,4.046359668002802,7
-134407,126655,1,3.8292214440234544,6
-38892,35186,0,1.9665827169096124,8
-126802,-111688,0,2.9890356447985735,10
-136443,-50940,1,3.775971275619874,6
69340,13379,0,2.0090087435118895,9
-122711,-76611,1,4.860418728951089,10
124370,-10352,1,3.7819679411447638,6
117568,-145783,0,2.968348730191066,10
90274,-77336,1,3.383116148137102,4
-96017,-128634,1,3.613641753286818,5
-137960,25576,0,2.0348216638394665,9
51729,-62116,0,2.3045391497016627,10
-144671,114477,0,2.9088373158706644,10
45740,-108238,0,2.1469882786533496,9
-8370,29244,1,3.569679140144454,5
-6717,-120419,1,3.5564378559403105,5
-123244,96152,1,3.6886257593586405,5
110817,-25173,0,2.897147281325825,10
88741,-35546,1,3.171976354632605,3
-137605,-107369,0,2.679654798753454,10
138121,87724,0,2.6322859366574822,10
136276,85530,1,4.241973060986197,7
-120297,-140126,1,4.330225040107478,8
-134569,-108138,1,4.352709583120983,8
-74147,15456,1,4.879729874965713,10
-52851,-146305,0,2.335847193852157,10
-136550,34466,1,4.1179370004675295,7
-19379,86992,0,2.3776143031690227,10
80757,17659,1,4.196983040097571,7
123440,114823,1,3.8841755110682126,6
-8988,146659,1,3.3335066916857823,4
-53172,18602,0,2.484459336983094,10
-68365,-5659,0,2.9639510349316023,10
-63962,117234,0,2.9057547005619067,10
-141250,4402,1,3.658183157796876,5
101413,102136,1,4.052699831405837,7
-38477,94295,0,2.884707476586458,10
-87405,-29615,0,2.7685141856689306,10
80583,137399,1,3.1490219076000425,3
-2851,-41764,0,2.0777236563080974,9
96343,143972,1,3.2929520411814526,4
138716,128190,1,3.248743456176418,3
16146,-127760,0,2.632162340540315,10
16356,54965,1,4.364294401768324,8
59005,102973,0,1.9282144016218465,8
46875,23812,1,3.967482707024577,6
-33757,90551,0,1.9419091230293806,8
-122488,22191,0,2.6381269418122724,10
-51480,86033,1,4.018522624245908,7
-37982,111644,0,2.721048433337757,10
-15839,49062,1,3.911821905516156,6
93,90401,1,3.382082919477921,4
-75598,-101228,1,4.4342931962684675,8
122449,51680,0,2.9776443580678933,10
-86431,91014,0,1.8473413968869705,8
14439,30075,0,1.8163213766558473,8
-75644,15320,0,2.2644999754105215,10
59884,-136344,1,3.0304441232966246,3
95694,31947,1,3.3078452316431326,4
140759,5135,0,2.8662938587774867,10
10776,-146963,1,3.136241178141786,3
20641,139171,1,4.862747597051259,10
139278,81453,0,2.3459556053494715,10
-93628,-75512,0,2.5569885639692234,10
2453,27395,0,2.366870006250726,10
119643,134133,0,2.4388907817504544,10
-108665,-6416,1,4.844138468708673,10
-49885,54786,1,3.974903125602133,6
122787,69926,1,4.672405858823728,9
50159,143238,0,2.783861778854061,10
-32992,75791,0,2.251079433623435,10
-1661,-19100,0,2.9803211344695746,10
45495,57929,0,2.7342379121961247,10
-46050,81725,1,3.540753499758855,5
92451,-62003,0,2.4162786841661057,10
-21969,-125154,1,4.320060821701787,8
-70379,-148137,1,3.1834438963803313,3
-72383,-16582,1,3.714189016155334,5
-112981,122551,1,3.068331713677736,3
30113,-78399,0,2.8438865611457906,10
-29569,46887,1,3.771600418041645,6
-89758,-71033,1,4.465413325977273,8
-19376,43130,1,3.2090461740136016,3
-17115,76844,0,2.7323364635371106,10
-68210,17034,1,3.6882835619239263,5
-5608,-133048,1,3.623565335354426,5
93483,44958,1,3.970303830202657,6
-130600,-49027,1,4.6740462212918725,9
54110,-45745,1,3.0536363718449735,3
25415,-139846,1,3.1178369180564918,3
58732,48305,1,4.533261006680327,9
78064,137631,0,1.9327215803085576,8
30227,140271,0,2.495537090927177,10
-137782,-35494,0,2.4262183087072393,10
-120532,106150,0,2.4634895608627265,10
-69007,-46326,0,2.52143692458736,10
68500,130070,1,3.881091153333121,6
100355,-120681,0,2.235871966226797,9
139428,-75541,0,2.2132035784341193,9
-43975,-8680,0,2.634802145023555,10
-133381,-106464,0,2.1462012324725444,9
112832,-39589,0,1.967601045657358,8
-96606,-71281,1,4.912543609841149,10
13993,-128897,0,2.0162438708621457,9
-34055,49180,1,4.7841900848227885,10
130360,60194,0,1.931265993991399,8
-7064,-84080,1,4.552422384628103,9
-16914,-4970,1,4.520961458814423,9
-113322,-5344,0,2.0157791968376375,9
139827,-42020,1,3.5077073820219016,5
79430,-125592,0,1.8349793127760512,8
-31547,-69936,1,4.223054130274833,7
-98731,105455,0,2.1426558884526665,9
146255,134011,1,4.885138073783494,10
60510,-33697,1,4.854323584927442,10
92420,-98623,1,4.0076607374879245,7
-80919,44854,0,2.85861688451264,10
-32378,78609,1,3.5845224845106816,5
-97302,50359,1,4.891472771105736,10
-94788,-19953,0,2.6268444769722925,10
148319,20765,1,4.78985998333244,10
16574,88118,0,2.425735901084297,10
31565,13611,0,2.1035112833852536,9
25475,79824,0,2.5423633610401084,10
6983,-80707,0,2.424500201896928,10
41072,-131821,0,2.8196747300131855,10
121233,-139173,0,2.9495993789283266,10
-56581,-69299,1,3.998482270361463,6
67363,-13322,1,4.072268984874851,7
-111641,-141156,1,4.262036895756512,8
-92663,-47629,1,4.591975816590457,9
58257,-37358,1,3.836502682102105,6
-11745,6016,0,2.476556603079598,10
-114455,-119044,0,2.6305915293420856,10
57240,-92611,0,2.2524229202914188,10
94632,115094,1,3.692072981970206,5
-54378,44249,0,2.888683998878875,10
10152,-125294,0,2.595889182376424,10
8618,-72358,1,4.879463210192473,10
77185,131030,0,1.987304661997495,8
-146698,-50709,1,4.3195535097485385,8
116209,-101871,0,2.5907130235182643,10
6013,-66349,0,2.1075075870739455,9
-125328,-77331,1,3.399522593437193,4
132638,147375,1,4.893917241200995,10
-10814,3046,0,2.1462456623300286,9
-97943,-10613,1,3.308129581708383,4
-119385,104888,1,4.326340092267527,8
-131697,-93393,0,2.774244475820182,10
-32780,-12715,0,2.4121514577491947,10
108366,-34566,1,3.3394511631795316,4
26759,-18659,1,3.3958965253988707,4
124618,-123604,1,4.0298053239673015,7
-82101,79761,0,2.1145719231187625,9
30271,-131003,1,3.8759327178431566,6
-45309,-138951,1,3.5546344422760683,5
-138383,51448,0,2.109898029785687,9
-146473,137675,1,4.809593382676763,10
-60670,127548,1,4.977926754167524,10
68075,110686,0,1.8770359783267905,8
-77561,-45929,1,4.927148655078133,10
90782,-83918,1,3.850174280836535,6
7770,104614,1,4.234550991229548,7
77826,146900,0,2.640274198522679,10
-74858,9054,1,3.6394901472825643,5
-67887,-148409,1,3.2892642403001666,4
-41349,-80880,1,4.077639887265237,7
-2906,74786,0,2.530888187480096,10
70897,-148988,0,2.7598888947081717,10
-145570,36066,0,1.906401772761925,8
86696,-113169,0,2.5136728805381763,10
473,92972,1,3.312799321584119,4
130661,102288,0,2.991300023242443,10
100397,139693,1,4.391812158596385,8
46586,105023,1,4.301846491902054,8
-127344,19636,0,2.743661794185434,10
-34625,97285,0,2.8690716577446422,10
23769,-140786,0,2.7689955696478754,10
-76745,-36117,0,2.3667167521153987,10
-141091,-64585,0,2.0820421097580226,9
24449,-20539,1,3.5494378065880015,5
-69920,22331,0,2.6476204526219065,10
137293,96954,0,2.8151155879724232,10
-90845,138755,0,2.4921454094298947,10
93604,4407,0,2.227918183707794,9
45544,-14269,1,4.1194502154078165,7
-48059,-34612,1,4.927234061233134,10
140503,-51424,0,1.8483922261266066,8
65987,-117668,0,2.0266206528354345,9
-52291,-36252,0,2.8286764979331216,10
-58701,-94545,1,3.394412562004003,4
107478,116968,1,3.943361696053413,6
-50224,-93361,0,2.1315713434811907,9
-71747,85653,0,1.9121175920205458,8
82293,-27710,0,2.714641169372483,10
63130,-88889,0,2.3503375454513393,10
144834,-111606,0,2.666921711859279,10
-136586,-112247,0,2.828024456178137,10
100334,2217,0,2.507546446042367,10
-69709,98744,1,3.9501032671081715,6
-39104,-96943,0,2.195008244811698,9
-117432,-134346,0,2.1710221986298612,9
-65421,-130403,1,3.944686401110924,6
1428,-93730,1,3.6987685066776503,5
103408,127245,1,3.902494436686212,6
139238,98635,0,2.895087373678798,10
12410,-33658,0,2.8433563863247424,10
-137472,-81485,0,1.880495092958093,8
-7456,-114970,1,3.158692678128329,3
-141502,-49608,1,4.232521280517174,7
71263,-43149,1,3.8136991541566,6
71515,-70986,0,2.1997576860481045,9
-56740,107423,1,4.079621798646718,7
-116645,69000,1,4.4600987419625655,8
79764,-81238,0,2.8421975933968144,10
55737,-10341,0,1.8695808727170955,8
-97682,-95644,1,4.795454933100736,10
-64318,-68008,0,2.552897072019555,10
28264,-119187,1,3.5144254347148713,5
129742,-4314,1,4.486014727462422,8
34127,-137840,1,4.808937419139435,10
149263,-126860,0,2.590327113611895,10
32624,30934,0,2.849521715159682,10
127931,-96198,1,3.7710648442923875,6
-14348,9914,1,4.0113690463061555,7
34330,-59961,1,4.7925759769661145,10
-57166,91295,1,4.766633588683435,10
52569,-95434,0,2.7536303088545275,10
63101,-147634,0,2.1788702101639834,9
69605,-137833,1,4.094770614090921,7
38380,-138306,1,4.327039258506799,8
8993,-144127,0,2.452344545499981,10
11153,3027,1,3.0620738518299544,3
35763,-60017,0,2.1161245076562216,9
72485,-79978,1,3.4581675338154114,4
49376,43459,0,2.4330407063297783,10
18859,112846,1,4.337953925786867,8
80969,-91199,1,3.594730786132571,5
-24199,-120293,0,2.8852758393832896,10
82931,67055,0,2.097958440855745,9
-21583,-14869,0,2.9884404510947267,10
38047,-15334,1,3.5546336566088788,5
-70371,-66721,0,2.3712385738252313,10
10535,50786,0,2.238102600849017,9
32047,-53718,0,2.898937824709709,10
-98170,39092,0,2.1507283696873194,9
106756,131351,1,4.327541844740501,8
-85832,57330,1,4.8037577913751965,10
-120207,136326,1,4.725210558501675,9
-97712,145611,0,2.187893408865948,9
-122536,-102181,0,2.723361562843575,10
-21463,71755,1,3.5915750420186385,5
133242,52733,1,3.7348424036751426,5
95571,-148562,0,2.878718433080725,10
27345,94379,1,4.207777965992421,7
-143828,121038,1,3.911308831366005,6
-3010,-67774,1,4.052721545410592,7
-832,-96311,0,2.2056552639743785,9
53327,100337,0,2.40410201307984,10
-37259,114309,0,2.9047984684302035,10
-134707,-56673,0,2.5750470884953254,10
-134449,118555,0,2.387775712872253,10
98384,-138335,0,2.2920431917877924,10
-25441,31768,1,3.2208394948965458,3
18135,-129609,1,4.3876141853062265,8
-18092,-55179,1,3.312957542382319,4
5846,87660,0,2.5481097015700733,10
108171,127074,0,2.501749086527959,10
-62751,47069,0,2.08742918733128,9
39347,-106310,0,1.844956640760416,8
-83424,-67386,0,2.995732979125585,10
-45379,-24565,0,2.47274082006703,10
-41764,146681,1,3.1064650591366405,3
107579,7985,1,4.713606026383218,9
143464,-98811,0,2.0685236965451916,9
-25560,28658,0,1.9476532962250526,8
115623,-45781,1,3.18974682712643,3
9373,39237,0,2.184821769610146,9
-108273,-10507,1,3.132539302988653,3
108410,149602,1,3.8848133523456765,6
-28850,-130822,0,1.8229441613642718,8
16321,125150,1,4.941725486191431,10
-81811,73028,0,2.828066798591889,10
-73350,-99643,1,3.368390210374992,4
108807,81923,1,4.579096831112581,9
141444,17824,0,2.3213971567053293,10
135559,107332,1,3.3018633006116325,4
105248,-48626,1,3.25060354720672,4
37574,22006,1,4.4625642990966945,8
-82041,115914,1,3.7493433102488964,5
144195,-54004,1,3.4892391429316367,4
-7556,5457,1,3.7380911235856433,5
133008,-30877,0,2.3382979737300977,10
-128735,65718,1,4.5809767189144965,9
-127727,-38062,1,3.7704252490187615,6
-123380,-73795,0,2.9986315775320493,10
-145762,32557,0,2.3985655922648172,10
-80155,4932,0,2.015405687296904,9
96345,-140568,0,2.190039393286514,9
-79640,70154,0,2.944425805751465,10
-25595,63656,1,3.290766727217629,4
-98902,37973,0,2.111017896289448,9
-25100,-133213,1,4.481892511606995,8
-131402,-102799,0,2.2009915161503133,9
99553,29658,1,3.3551606329973773,4
-660,-137158,1,4.393810707642005,8
-38533,34280,1,3.1105299165715836,3
55283,1804,0,2.442667108836578,10
-132660,3846,1,3.0326217466821768,3
-97677,39313,1,4.718579942648699,9
-117120,-102113,0,2.9142209689654446,10
-12333,46099,1,4.360609626052103,8
116022,-59000,1,3.5680407638454508,5
113608,54787,1,4.442997900536472,8
7222,51236,0,2.6583759724555533,10
145734,130575,0,2.892345135730658,10
139002,52914,0,2.92008805774682,10
74100,-105159,0,1.906157550524,8
96500,85294,0,2.9449373072747744,10
-148245,-110658,1,3.3668738932728015,4
103600,143237,1,4.084474498999594,7
-44803,-62283,1,4.341602934923857,8
-112312,-16775,1,4.957512053188356,10
-109682,130159,0,1.9448601547124251,8
-61343,-44083,0,1.9874718753910814,8
-112144,54902,1,4.708846832212318,9
49023,76099,1,4.657962071584911,9
101027,26619,0,2.6218144533903183,10
39190,16087,1,4.423027976367697,8
-29690,104651,1,4.586475924380617,9
125235,-146869,0,2.8896568416185078,10
-75716,-83916,0,2.6947311322109226,10
-114132,57816,0,2.5915030414913196,10
39167,54806,0,2.8957949290951444,10
-42946,-51264,1,3.9760647514479275,6
-69567,13700,1,3.8732998210369276,6
-88254,91024,1,3.211658915126778,3
-79651,-117896,0,2.4669765213156816,10
-22937,-111856,1,3.480715866596684,4
-94797,-54974,1,4.601174959281975,9
64809,119161,0,2.337196643139784,10
-49046,-109823,0,1.8844316670294277,8
25457,-114916,1,3.1447952946903737,3
-142774,-67007,0,2.2028857031713396,9
82245,-38104,0,2.183378865300849,9
85009,-31115,0,2.473710842774183,10
-103150,132649,0,2.2195082851177013,9
110833,51606,0,2.689885700724146,10
49606,75708,1,4.10973150650662,7
-16020,26019,1,4.779706157797929,10
86966,-58969,1,3.644613338010387,5
-80937,94933,0,2.284292908865913,10
-43873,145977,1,4.182884207388001,7
-137110,-70718,1,3.865127089877668,6
127345,-115270,1,4.043983683016254,7
-145671,-33617,1,4.992316605814865,10
-52609,130323,1,3.6190135192874617,5
5613,148695,1,3.0883025249876797,3
-103350,139162,0,2.043592384676089,9
57629,-57413,0,2.9960475804764632,10
1243,113813,1,3.1389416353281234,3
-49817,-43932,0,2.431328784005426,10
32676,103270,0,2.7181027305983343,10
37348,63201,0,2.1120791324737014,9
-34689,41438,1,3.453672398558246,4
-122904,-84147,0,2.04101474591073,9
10970,-138470,1,4.856945459930024,10
22598,-144473,0,2.768451195419906,10
123119,-998,0,1.9822122572074514,8
83137,45711,0,2.317109209336137,10
-56100,53466,1,3.3795388511105084,4
-6522,-40514,0,1.9632900237736242,8
109985,-93275,0,1.991850450280312,8
-20108,-41992,1,3.721630790945575,5
84250,54011,0,2.673207070759584,10
-63468,136491,0,2.152849060955918,9
110878,-105166,0,1.8246168721546303,8
-147676,-60546,1,3.4522835491730977,4
-53100,-58302,1,3.466438184102179,4
-41524,143685,0,2.7675269861725043,10
99132,-102853,0,2.28054507583991,10
-146149,51218,1,4.886919004991418,10
135266,26077,0,2.301286597448221,10
55771,-55171,0,2.187290420270039,9
79149,-64344,0,2.401763628304955,10
30602,-112396,1,3.738355001585158,5
139027,-93577,0,2.786797335423414,10
-47464,71185,0,2.053102145419344,9
45283,70565,1,4.86067178780696,10
34523,-127033,0,2.0822634691207305,9
-15585,-407,1,3.667049691493421,5
-108495,-48634,0,1.819471325626231,8
-134492,-24267,1,4.165801737930817,7
-45949,125987,1,4.148382705081769,7
18881,-72314,0,2.647394982463102,10
-20809,-119083,0,2.986752459104288,10
-26852,-2595,1,3.2241925276221526,3
34458,-83470,0,1.8398442616176744,8
-149879,-16948,0,1.8105916774861557,8
-121916,-58876,1,3.9116981928682266,6
66681,36079,0,2.6202763526409796,10
113205,54609,1,3.9889983752407865,6
-112040,26815,0,2.936812179856842,10
42312,29637,1,3.7524965577478415,6
141366,-21182,0,2.47459991519791,10
-80584,-90237,1,4.745685763427026,9
87364,-2663,0,2.642678667865616,10
-469,138041,0,1.8347819053426162,8
-75671,-137876,0,2.3160731456212917,10
-542,-31643,0,2.703494829962842,10
44056,-68140,1,3.2169315183095915,3
-116219,121658,0,2.8429863910344575,10
125399,143274,1,4.064451742375802,7
67729,-97353,1,4.183731153253019,7
104824,-144368,0,2.702006459957224,10
-110416,63801,0,2.5417329401739197,10
130330,21961,1,3.97948485425242,6
2320,-57053,1,3.865617759474688,6
-47498,59779,0,2.6408255812065846,10
117783,7868,0,2.340276010050793,10
891,89188,0,2.8859739482594713,10
58529,-13479,1,4.837671984219071,10
-82697,53631,1,3.7598678982612945,6
-23405,19076,1,3.0380572888955912,3
-86403,125955,1,3.7384729157819727,5
143457,-128434,0,2.4517495965367186,10
3198,7393,0,2.418605576428404,10
9241,-122195,1,3.7785721712212648,6
77021,-87011,0,2.212946212268964,9
-49826,-103443,0,1.8926557667737014,8
-50959,-30067,0,2.9921657443634593,10
-91408,-128599,1,3.227717897720404,3
-2938,-53836,0,1.8592375013481612,8
-65295,133723,1,4.98842176541772,10
58544,73400,1,4.684074694905885,9
-125220,81046,0,2.138348725466612,9
-108287,-46753,0,2.872867265863952,10
135428,113153,1,4.360328985532675,8
-64549,136277,0,1.9711598768032426,8
-124905,-101496,1,4.802086279252348,10
118148,-35651,0,2.3171220794901033,10
-15803,-43263,1,4.5758577756842636,9
27564,-149843,1,4.827106796059588,10
110462,115320,0,2.1731173140265114,9
115999,76293,0,2.590071135078073,10
-81102,-41811,1,4.630573208047391,9
-134318,45814,1,3.558796853630594,5
69233,-111439,1,4.645581563417497,9
-65177,-50644,0,2.9436291065516555,10
39477,33250,0,2.1913857311384546,9
-149112,-75460,0,2.9850735269094066,10
-2324,137045,1,3.5828159061462044,5
-10061,-64492,1,3.0842853954637826,3
-54253,61985,1,3.3823608061185766,4
-132058,-65309,1,3.1208576687713276,3
-95875,-104223,1,3.615704788587627,5
-70358,121988,1,4.791708305735557,10
-73063,-136553,0,1.8125117625032117,8
-74661,6687,0,1.8137712450421204,8
66453,44671,1,4.265121760913415,8
113794,-26529,1,4.941112847603384,10
-72543,35274,0,2.1559512819873086,9
-43091,-44284,1,3.1788611116630534,3
-69506,-21493,1,4.716675795520514,9
-41599,87280,1,3.4670075138872107,4
63309,98559,0,1.8122128047399206,8
-43823,49466,1,3.233091822127598,3
33193,75044,0,2.1771541712804736,9
77187,-137209,0,2.379847748844185,10
75788,-56047,1,3.6382370424317276,5
-87809,47254,1,4.771983235896127,10
134449,23426,0,2.395567190924722,10
-76980,-110227,1,4.570897707484812,9
122117,-126422,1,4.9808390920433085,10
-115764,131788,1,4.360476943727917,8
-91067,-113048,1,3.509832752959934,5
20419,56801,0,2.9945913573535203,10
22157,-37553,0,1.9460184392790598,8
-23837,96882,0,2.5741153175377316,10
89091,47345,0,2.50444798779083,10
-86616,103631,1,4.437543976962459,8
-115946,-117752,1,4.592516257702317,9
4224,-89319,0,2.5819526346850274,10
-49297,91857,0,2.2680826210720686,10
-115965,84826,0,2.4995416387339824,10
-13452,46434,1,4.788997257482808,10
-100103,133132,0,1.9310237795861522,8
-90410,101628,1,3.8615437897095437,6
-142474,-120228,0,2.765202243000107,10
62690,-2985,1,3.197677791612823,3
-15826,-46008,0,2.869725453758346,10
3657,-9009,0,2.5331056399795258,10
47824,48793,1,4.001092983990059,7
-61544,-139553,0,2.691013102181502,10
-14108,10566,1,4.4973643941449675,8
47576,-5882,1,4.554196300951547,9
-48408,69193,1,3.888267913456329,6
-87462,58948,0,2.251497507633173,10
-107998,76189,0,2.277082662134705,10
-102912,-66892,0,1.8646971381357749,8
